name,free_returns,items_sold,status,shipping,price
,False,,,0,
12 Pairs Christmas Leather Earrings Kits Santa Claus Tree Bell Earring Xmas Gift,False,,Brand New,0,1481
Elegant  Silver Jewelry Stud Earrings for Women Cubic Zircon Wedding Gift,True,1785,Brand New,0,228
Men Women Stainless Steel Cross Dangle Hoop Clip on Earrings Non-Piercing,False,692,New (Other),0,325
925 Sterling Silver Plated Earrings CZ Cubic Huggie Hoop Small Men Women NEW,True,170,Brand New,0,389
Elegant Boho Drop Earrings vintage Women 925 Silver Plated Blue Jewelry  1 Pair,True,620,New (Other),0,359
Pretty  Silver Hoop Earrings for Women Cubic Zirconia Wedding Jewelry,True,1387,Brand New,0,256
Gorgeous Clip Earrings for Women 925 Silver Jewelry Free Shipping ,False,1742,New (Other),0,399
Vintage Corum Buckingham 18k Yellow Gold Leather Manual Champagne Man's Watch,False,0,Pre-Owned,0,550000
Gucci GG Earrings ,False,0,New (Other),1065,54900
Jewels By Lux 14K Yellow Gold Flower Cubic Zirconia CZ Womens Stud Earrings,False,0,Brand New,0,500000
Chanel Silver Ribbon Bow CC Crystal Lever Back Piercing Earrings ,False,0,Pre-Owned,0,71000
100% Authentic Chanel 2020  Large Earings With Crystal Silver/NIB/Sold Out!,False,0,Brand New,0,179999
Audemars Piguet Topaz 18k White Gold Earrings,False,0,Brand New,5000,450000
100% Authentic Chanel 2020 Big With Pearls Gold Earings/NIB with receipt,False,0,Brand New,0,167200
Patek Philippe Diamond Sapphire White Gold Earrings,False,0,Brand New,5000,595000
Women’s 925 Sterling Silver Oval Etched Hoop Pierced 1-1.5 Inch Earrings,False,3878,New (Other),0,298
925 Silver Ruby Ear Hook Drop Dangle Earrings Cubic Zirconia Anniversary Jewelry,False,695,New (Other),0,399
Fashion Rhinestone Heart Earrings Stud Dangle Crystal Wedding Party Women Gift,False,2161,Brand New,0,80
Pretty 925 Silver plated Double Circles Hoop Earrings for Women Men Jewelry,True,106,New (Other),0,349
Fashion 925 Silver Plated Hoop Earrings for Women Jewelry Gift  1 Pair,True,202,New (Other),0,299
Stainless Steel Butterfly Earrings Rainbow Color ,False,0,New (Other),0,350
Elegant  Silver Drop Earrings Heart Cubic Zirconia Women Wedding Jewelry,True,376,Brand New,0,296
Elegant  Silver Stud Earrings Women Cubic Zircon Wedding Engagement Jewelry,True,231,Brand New,0,202
"Fashion Jewelry  Silver,Gold Hoop Earrings Cubic Zirconia Women Gifts A Pair",True,386,Brand New,0,250
Women Gorgeous Cubic Zirconia Anniversary Jewelry  Silver Drop Earrings Gifts,True,770,Brand New,0,269
2PCS Stainless Steel Hoop Earrings for Men Women Small Hoop Huggie Ear Piercings,True,,Brand New,0,599
"925 Silver,Gold Hoop Earrings Creative Round Cut Cubic Zirconia Women Jewelry",True,198,Brand New,0,269
Gorgeous Crystal Cubic Zircon Earrings Stud Dangle CZ Drop Wedding Jewelry Women,False,85,Brand New,0,80
Elegant Boho Moonstone Drop Earrings Women 925 Silver Plated Jewelry 1Pair,True,140,New (Other),0,399
Pretty 925 Silver Plated Hoop Earrings for Women Cubic Zirconia Wedding Jewelry,True,653,New (Other),0,379
Pretty butterfly Stud Bow Earrings Women Gold Plated Jewelry White Sapphire,True,28,New (Other),0,299
Earrings Non-Piercing Stainless Steel Cross Clip on Men Women Dangle Hoop NEW,True,,New (Other),0,335
925 Silver Gold plated Heart Shaped Hoop Earrings for Women Jewelry Gift  1 Pair,True,48,New (Other),0,369
Fashion Stud Earrings for Women 925 Silver Plated rose flower Jewelry 1 Pair,True,45,New (Other),0,299
Fashion 925 Silver Dangle Drop Earrings Hook Women Turquoise  Jewelry Ear Gifts,True,61,New (Other),0,195
Vintage Jewelry 925 Silver Turquoise Boho Ear Stud Hoop Dangle Wedding Earrings,False,244,New (Other),0,399
925 Silver Hoop Earrings for Women Gorgeous Cubic Zirconia Engagement Jewelry,True,503,Brand New,0,318
Gorgeous Cubic Zirconia 925 Silver Plated Drop Earrings for Women Jewelry A Pair,True,210,Brand New,0,246
Crystal Long Drop Tassel Hummingbird Earrings Stud Threader Dangle Women Gift,False,150,Brand New,0,80
Women 925 Silver Earrings Crystal Ear Stud Hoop Wedding Silver Gold Jewelry,False,0,Brand New,0,80
Girl Christmas Hat Earrings Drop Dangle Earring Fashion Woolen Ear Stud Colorful,False,23,Brand New,0,149
Gorgeous Stud Earrings for Women 925 Silver Plated White Sapphire Jewelry 1 Pair,True,55,New (Other),0,369
Pretty flower 925 Silver Stud Earrings for Women White Sapphire Jewelry A Pair,False,1136,New (Other),0,385
Sterling Silver Stud Earrings Cubic Zirconia Round Men Women 2PC CZ Earrings Set,True,,Brand New,0,699
Gorgeous Gold Plated  Drop Earrings for Women Jewelry peridot Sapphire 1 Pair,True,25,New (Other),0,399
Fashion Boho Drop Earrings Women 925 Silver Plated Jewelry green Tourmaline,True,219,New (Other),0,429
Cat&Fish Stud Earrings Gifts Pearsonalized  Silver Party Jewelry for Women,True,199,Brand New,0,221
"Elegant  Silver,Gold,Rose Gold Hoop Earrings for Women Wedding Jewelry",True,413,Brand New,0,252
Womens 925 Sterling Silver Elegant Round Shaped Pierced Hoop Earrings,False,1031,Brand New,0,397
Gorgeous Hoop Earrings Women 925 Silver Jewelry White Sapphire Free Shipping,False,1516,New (Other),0,394
14k Gold Heart ECG Crystal Zircon Earrings Stud Women Wedding Jewelry Gift New,False,136,New (Other),0,144
Fashion 925 Silver Plated Drop Earrings for Women Colorful zircon Gift 1 Pair,True,153,New (Other),0,429
Elegant Boho Artificial moonstone Drop Earrings Women 925 Silver Plated 1Pair,True,106,New (Other),0,399
Fashion 925 Silver Women Bee Zircon Earrings Stud Drop Dangle Party Jewelry Gift,False,71,Brand New,0,80
Pretty Stud Earrings for Women 925 Silver Plated Blue Sapphire Earrings 1 Pair,True,268,Brand New,0,369
Womens 925 Sterling Silver Long Tassel Drop Dangle Hook Fashion Earrings #E208,False,429,New (Other),0,298
Santa Claus Star Christmas Earrings Stud Drop Dangle Women Xmas Party Jewelry ,False,,Brand New,0,137
925 Silver Round Pearl Tassel Earrings Drop Dangle Women Wedding Jewelry Gifts,False,502,New (Other),0,184
Gorgeous 925 Silver plated Jewelry Drop Earrings for Women Multi-color Mystic us,True,153,New (Other),0,429
Gorgeous 925 Silver Plated Drop Earrings for Women Emerald White Sapphire 1 Pair,True,0,New (Other),0,469
2PCS Silver Stainless Steel Round CZ Earrings Screw Back Ear Stud for Men Women,False,78,New (Other),0,399
925 Silver Zircon Crystal Earrings Ear Stud Women Drop Dangle Jewelry Gifts,False,90,Brand New,0,80
925 Silver Turquoise Color Moonstone Earrings Ear Hook Dangle Drop Jewelry Gift ,False,254,New (Other),0,399
Artificial Ruby Drop Earrings Birthday Gift 925 Silver Plated Boho Style,True,163,New (Other),0,429
Womens 925 Sterling Silver 3 Hoop Long Drop Dangle Charm Earrings #E55,False,682,New (Other),0,279
Gorgeous 925 Silver Gold Plated Stud Earrings Green Sapphire for Women Gift,True,98,New (Other),0,349
Fashion Crystal CZ Cubic Zircon Earrings Stud Dangle Drop Women Wedding Jewelry ,False,,Brand New,0,88
Vintage Boho Drop Earrings 925 Silver Plated Jewelry Artificial Ruby 1 Pair,False,216,New (Other),0,388
Fashion Womens 925 Silver plated  Elephant stud Earrings 1 pair,True,27,New (Other),0,299
Vintage Boho Artificial Turquoise 925 Silver plated Women  Drop Earrings 1pair,True,0,New (Other),0,369
Gorgeous 925 Silver Drop Earrings for Women Emerald White Pink Sapphire 1 Pair,True,17,New (Other),0,489
Oval Amethyst 925 Silver Ear Hook Drop Dangle Earrings Women Wedding Jewelry,False,314,New (Other),0,485
Gorgeous Women Cubic Zirconia Jewelry  Silver Drop Earrings Wedding Gifts,True,334,Brand New,0,269
"925 Silver,Gold Drop Earrings Gorgeous Cubic Zirconia Women Wedding Jewelry",True,63,New (Other),0,233
,False,,,0,
Fashion Hollow Out  Silver Hoop Earrings for Women Wedding Party Jewelry,True,809,Brand New,0,180
"Silver,Gold Engagement Drop Earrings Creative Cubic Zirconia Women Jewelry",True,473,Brand New,0,301
Romantic Women Stud Earrings Cubic Zirconia Wedding Jewelry 925 Silver Earrings,True,121,Brand New,0,281
18K Gold Plated Small Huggie Hoop Earrings ,True,,Brand New,0,599
925 Silver Hoop Earrings for Women Personalized Women Wedding Party Jewelry,False,83,New (Other),0,399
Cute Cubic Zircon  Silver Stud Earrings for Women Wedding Party Jewelry Gift,True,353,Brand New,0,242
Cute Cubic Zirconia Earrings Stud Fairy Horse Animal Pearl Gold Crystal Women,False,105,Brand New,0,80
Elegant Stud Earrings Women 925 Silver Plated Jewelry White Sapphire faux Pearl,True,203,Brand New,0,399
Elegant 925 Silver Plated Drop Earrings for Women Blue Sapphire Jewelry 1 Pair,True,20,Brand New,0,399
925 Silver Cubic Zirconia Hook Drop Dangle Earrings Wedding Engagement Jewelry,True,28,Brand New,0,221
Classic 925 Silver Plated Heart Shaped Stud Earrings Zircon for Women Gift,True,23,New (Other),0,299
Fashion 925 Silver plated Hoop Earrings for Women White Sapphire Jewelry 1 Pair,True,41,New (Other),0,399
2PCS Stainless Steel Hoop Earrings for Men Women Small Hoop Huggie Ear Piercings,True,,Brand New,0,499
Engagement Earrings 925 Silver Women Jewelry Luxury Cubic Zirconia Stud Earrings,True,96,Brand New,0,230
Fashion  Silver Drop Earrings for Women Crystal Wedding Engagement Jewelry,True,71,Brand New,0,216
Silver Drop Earrings for Women Fashion Cubic Zirconia Wedding Jewelry Gifts,True,93,Brand New,0,180
Fashion Turquoise Jewelry 925 Silver Hoop Earrings for Women Party Gifts A Pair,True,254,Brand New,0,191
GorgeoUS 18k Gold Plated Hoop Stud Earrings for Women Jewelry Gift Zircon 1 Pair,True,77,New (Other),0,479
Fashion 925 Silver Dangle Drop Earrings Hook Women Turquoise Jewelry Ear Gifts,True,0,Brand New,0,219
Fashion 925 Silver plated Hoop Earrings for Women Jewelry Punk Black oil 1 Pair,True,32,Brand New,0,399
Women’s 925 Sterling Silver Heart Filigree Hook Earrings US Seller,False,658,New (Other),0,329
Fashion Boho Drop Earrings Women 925 Silver Plated Jewelry Cubic Zircon 1 Pair,True,0,Brand New,0,399
1PC Gothic Punk Stainless Steel Cross Skull Earrings Ear Stud Men Women Jewelry,False,,New (Other),0,80
Stainless Steel Magnetic Stud Earrings for Womens Mens  Non-Piercing Clip On,False,2299,Brand New,0,675
Gorgeous 925 Silver Stud Earrings Women White Sapphire Wedding Jewelry A Pair,False,90,New (Other),0,399
Fashion Boho Drop Earrings Women 925 Silver palted Jewelry Blue Sapphire  1Pair,True,0,New (Other),0,449
Luxury 18K Gold Plated Colorful Round Shaped Cubic Zirconia Stud Earrings 1pair,True,0,New (Other),0,399
Fashion 925 Silver Gold Stud Earrings for Women Jewelry,False,120,New (Other),0,362
Gorgeous  Silver Jewelry Stud Earrings for Women Cubic Zirconia Wedding Gift,True,597,Brand New,0,235
1pair Cute Animal Bite Earring Cartoon Animal Earrings Tyrannosaurus Earrings,True,27,New (Other),0,228
Gorgeous 925 Silver Drop Earrings for Women Emerald White Pink Sapphire 1 Pair,True,17,New (Other),0,489
925 Sterling Silver Plated CZ Cubic Huggie Hoop Small Earrings Men Women  E21,False,695,Brand New,0,245
925 Sterling Silver Plated CZ Cubic Huggie Hoop Small Earrings Men Women E21 USA,True,,Brand New,0,399
Women 925 Sterling Silver Ear Stud Hoop Dangle Earrings Wedding Bridal Jewelry,False,196,New (Other),0,80
Fashion Red Bow Zircon Stud Earrings Dangle Women Wedding Jewelry Christmas Gift,False,75,Brand New,0,156
Womens 925 Sterling Solid Silver Elegant Round Pierced Hoop Earrings,False,98,New (Other),0,419
Gorgeous 925 Silver Stud Earring for Women White Sapphire Jewelry ,False,1110,New (Other),0,277
Faux Leather Earrings Snoopy  Less than 2 Inches No White Backs ,False,,New (Other),0,200
Alicia Bonnie Blanche Gold White Pearls Drop Earrings,True,196,Brand New,0,1600
Fashion 925 Silver Turquoise Earrings Ear Hook Women Wedding Drop Dangle Jewelry,True,20,Brand New,0,201
Fashion 925 Silver plated Hoop Earrings for Women men Jewelry 1 Pair,True,48,New (Other),0,299
Fashion 18K Gold Hollow Cubic Zirconia Drop Earrings Engagement Wedding Jewelry,False,224,New (Other),0,449
Exquisite 925 Silver Ear Stud Hoop Dangle Earrings Wedding Jewelry,False,,New (Other),0,80
Women’s 925 Sterling Silver Vertical Solid Bar Drop Dangle Hook Earrings,False,591,New (Other),0,295
Gorgeous 925 Silver Plated Drop Earrings for Women aquamarine Jewelry 1 Pair,True,0,New (Other),0,479
Vintage 925 Silver Women Fashion Cubic Zirconia Earrings Ear Hook Dangle Jewelry,True,80,Brand New,0,157
925 Silver Long Tassel Crystal Earrings Women Drop Dangle Stud Wedding Jewelry,False,259,Brand New,0,208
Elegant 925 Silver Drop Earrings for Women Jewelry White Sapphire,False,102,Brand New,0,499
Creative Triangle Square Stud Earrings For Women Trendy Simple Minimalist,True,,New (Other),0,399
Heart Shaped Stud EarRing for Women 925 Silver Rose Gold  Plated White Sapphire,True,12,New (Other),0,399
Opalite 1Pair  925 Sterling Silver Plated Earrings ,True,,New (Other),0,99
Women’s Elegant Gold Plated Round Pierced Hoop Earrings,False,396,Brand New,0,389
Fashion 925 Silver Flower Zircon Pearl Ear Drop Earrings Women Wedding Jewelry,False,104,New (Other),0,469
925 Sterling Silver Filigree Round Oval Unique Hoop Earrings,False,456,New (Other),0,439
Gorgeous 925 Silver Plated Drop Earrings for Women White Sapphire Jewelry 1 Pair,True,0,New (Other),0,399
925 Silver Christmas Elk Zircon Earrings Dangle Ear Stud Women Jewelry Xmas Gift,False,53,Brand New,0,184
Gorgeous Hoop Earrings Women 925 Silver Jewelry White Sapphire ,False,397,New (Other),0,394
Cubic Zircon Pretty Jewelry  Silver Stud Earrings Women Wedding Gifts A Pair,True,100,Brand New,0,292
Exquisite Women 925 Silver Ear Stud Dangle Hoop Earrings Wedding Party Jewelry,False,66,New (Other),0,109
Elegant Cubic Zirconia Jewelry 925 Silver Gold Stud Earrings Women Wedding Gifts,False,,New (Other),0,399
Punk Earrings Men Women Boys Stainless Steel Ear Stud Hoop Dangle Women Jewelry,False,,New (Other),0,88
925 Sterling Silver White Mother of Pearl Camellia Flower Stud Earrings Women,False,85,New (Other),0,399
Sunflower Boho Turquoise Silver Earrings Hook Drop Dangle Sapphire Women Gift,False,93,Brand New,0,245
Handmade 3 layer Fall Leafs Earrings With  Cooper Hook Earrings,False,0,New (Other),0,450
Elegant  Silver Earrings for Women Sapphire Wedding Engagement Jewelry Gift,True,1057,Brand New,0,235
925 Silver Zircon Dangle Earrings Ear Stud Charm Women Wedding Jewelry Xmas Gift,False,,Brand New,0,202
,False,,,0,
Cute  Silver Jewelry Drop Earrings for Women White Pearl Wedding Gifts A Pair,True,252,Brand New,0,315
Gorgeous Cubic Zircon  Silver Stud Earrings for Women Wedding Jewelry Gift,True,,Brand New,0,274
"Fashion Long  Silver,Gold Drop Earrings for Women Wedding Jewelry Gift",True,214,Brand New,0,216
Simple Cubic Zirconia  Silver Stud Earrings for Women Wedding Party Jewelry,True,,Brand New,0,195
Earrings Non-Piercing Stainless Steel Cross Clip On Men Women Dangle Hoop NEW,True,,Brand New,0,419
925 Silver Drop Earrings Creative Women Cubic Zirconia Flower Shaped Jewelry,True,70,Brand New,0,223
Elegant Boho Artificial moonstone Drop Earrings Women 925 Silver Plated 1Pair,False,,New (Other),0,384
Womens 925 Sterling Silver Elegant Oval Shaped Extra Large Hoop Earrings #E45,True,2170,New (Other),0,799
Stainless Steel Stud Earrings for Women Girls Fashion Animal Silver Jewelry Gift,False,,New (Other),0,80
"Feather Ear Climber, Ear Crawler, Earrings - Bohemian Boho Hippie",False,,New (Other),0,269
925 Silver Round Pearl Tassel Earrings Drop Dangle Women Wedding Jewelry Gifts,False,64,New (Other),0,399
Gorgeous 925 Silver Hoop Earrings for Women Cubic Zirconia Wedding Jewelry Gift,False,118,New (Other),0,699
Fashion 925 Silver White Sapphire Stud Earrings Women Wedding Party Jewelry Gift,True,,Brand New,0,179
"Elegant  Silver,Gold Stud Earrings for Women Cubic Zirconia Wedding Jewelry",True,56,Brand New,0,252
Fashion  Silver Drop Earrings for Women Cubic Zirconia Engagement Jewelry,True,57,Brand New,0,283
Cute Cubic Zircon  Silver Stud Earrings for Women Wedding Jewelry Gift,True,244,Brand New,0,228
925 Sterling Silver CZ Cubic Huggie Hoop Small Earrings Men Women - Gift ,True,,Brand New,0,999
Stainless Steel Magnetic Stud Earrings for Womens Mens  Non-Piercing Clip On,False,,New (Other),0,499
Women Gorgeous Cubic Zirconia Anniversary Jewelry  Silver Drop Earrings Gifts,True,113,Brand New,0,267
Beautiful 925 Silver Plated  Stud Earrings Flowers Sapphire for Women Jewelry,True,53,New (Other),0,299
Cute Bow Stud Earrings for Women 925 Silver  Plated Zircon White Sapphire Gift,True,0,New (Other),0,399
"Elegant 925 Silver,Gold,Rose Gold Hoop Earrings for Women Wedding Jewelry",False,54,New (Other),0,399
Women's 925 Sterling Silver Elegant U-Shaped Medium Size Hoop Earrings ,False,168,New (Other),0,287
1-Pair Men Women Stainless Steel Clip On Non-Piercing Fake Spring Hoop Earrings,False,274,Brand New,0,425
Gorgeous 925 Silver Drop Earrings for Women Cubic Zirconia Jewelry Gift A Pair,False,75,New (Other),0,449
Women's Silver Stainless Steel Hollow Heart Shape Large Hoop Earrings 1 Pair,False,86,New (Other),0,299
Moonstone Sea Opal 925 Sterling Silver Opalite Tear Drop Dangle Charm Earrings,True,,Brand New,0,559
Women Zircon Tassel Crystal Flower Heart Earrings Stud Drop Dangle Jewelry Gifts,False,86,New (Other),0,80
Elegant Cubic Zircon  Silver Stud Earrings for Women Wedding Jewelry Gift,True,172,Brand New,0,379
Fashion Earrings Stainless Steel Silver Cross Clip on Men Women Dangle Hoop US,False,,Brand New,0,499
Elegant Heart Stud Earrings Women 925 Silver Jewelry White Sapphire A Pair,False,,Brand New,0,379
Crystal Pearl Silver Earrings Women Animal Cartoon Cat Ear Stud Drop Dangle Gift,False,,New (Other),0,80
1pc Punk Women Men Earring Crystal Pearl Heart Clip Ear Cuff Stud Wrap Cartilage,False,,New (Other),0,80
1Pair Fashion Round Hoop Earrings Women Ear Jewelry Candy Colors Exquisite ca,False,,Brand New,0,145
Christmas Elk Crystal 925 Silver Earrings Women Ear Stud Xmas Jewelry Gifts Hot,False,85,Brand New,0,158
Men & Women 18K White Gold Plated CZ Cross Leverback Huggie Hoop Drop Earrings,True,,Brand New,0,999
Fashion Silver Lovely Frog Animal Earrings Ear Stud Women Ethnic Jewelry Gifts,False,1508,New (Other),0,129
Elegant Stud Earrings Women 925 Silver Plated Jewelry White pink Sapphire 1 Pair,False,,New (Other),0,419
Women Jewelry  Silver Stud Earrings Cubic Zirconia Wedding Party Gifts A Pair,True,175,Brand New,0,256
Fashion 925 Silver Turquoise Hook Dangle Drop Earrings Wedding Birthday Jewelry,False,23,New (Other),0,236
Elegant 925 Silver Plated Drop Earrings for Women more Sapphire Jewelry 1 Pair,True,0,New (Other),0,399
Fashion Boho Drop Earrings Women 925 Silver Plated Jewelry green Tourmaline,False,141,New (Other),0,394
Romantic Women Stud Earrings Cubic Zirconia Wedding Jewelry 925 Silver Earrings,False,,New (Other),0,499
925 Silver Butterfly Ear Hook Drop Dangle Earrings Women Party Band Jewelry Gift,False,127,New (Other),0,435
Fashion 18k Yellow Gold Plated Hollow Drop Earrings Women Wedding Jewelry A Pair,True,263,Brand New,0,183
Stainless Steel Cross Tassel Chain Earrings Drop Dangle Women Men Jewelry Charm,False,,Brand New,0,80
Elegant Boho Drop Earrings vintage Women 925 Silver Plated Blue Jewelry  1 Pair,False,92,New (Other),0,355
Wholesale 12 Pairs Crystal Rhinestone Pearl Stud Earrings Set Women Jewelry Gift,False,,Brand New,0,305
Fashion Drop Earrings for Women 925 Silver Plated White Sapphire Jewelry 1 Pair,True,,Brand New,0,349
Beaded Earrings Bohemian Multicolour Beaded Drop Dangle Earrings Handmade,True,549,Brand New,0,365
Elegant 925 Silver Butterfly Cubic Zirconia Stud Earrings Women Wedding Jewelry,True,,Brand New,0,219
Thanksgiving Turkey dangle hook Earrings Choice 3 color styles Ear Decorations,False,,New (Other),0,895
Women’s 925 Sterling Silver Diamond Cut Hoop Big Earrings Stylish Women 1.5” in,False,228,New (Other),0,458
Womens 925 Sterling Silver Elegant Teardrop Charm Fashion Earrings #E18,False,136,New (Other),0,399
Women Fashion Cubic Zirconia Wedding Jewelry  Silver Drop Earrings Gifts,True,,Brand New,0,303
Fashion Resin Flower Floral Ear Earrings Stud Women Wedding Party Jewelry Gift,False,,New (Other),0,134
Pretty 925 Silver Hoop Earrings for Women Cubic Zirconia Wedding Jewelry,True,20,Brand New,0,200
Retro 925 Silver Turquoise Drop Dangle Earrings Women Ear Hook Wedding Jewelry,False,113,New (Other),0,399
Gorgeous Jewelry Cubic Zirconia  Silver Stud Earrings for Women Wedding Gifts,True,144,Brand New,0,252
Fashion Women 925 Silver Ear Studs Hoop Earrings Party Wedding Jewelry Xmas Gift,False,141,New (Other),0,136
Heart Rhinestone Earrings Stud Dangle Crystal Wedding Party Women Fashion Gift,False,81,Brand New,0,80
925 Silver Turquoise Color Moonstone Earrings Ear Hook Dangle Drop Gift Jewelry ,False,497,Brand New,0,191
2021 Fashion Pearl Tassel Stud Earrings Drop Dangle Women Wedding Jewelry Gifts,False,,New (Other),0,80
925 Silver Crystal Rhinestone Large Hoop Dangle Earrings Elegant Wedding Jewelry,False,86,New (Other),0,177
Gorgeous  Silver Earrings for Women Pearl Wedding Engagement Jewelry Gift,True,61,Brand New,0,216
Solid .925 Sterling Silver Heart Shaped Black Stud Earrings Cubic Zirconia ,True,,Brand New,0,599
,False,,,0,
Marquise Cut Cubic Zirconia Stud Earrings Gifts Pretty 925 Silver Women Jewelry,True,0,Brand New,0,248
Charm  Silver Stud Earrings Jewelry Cubic Zirconia Wedding Women Gifts A Pair,True,63,Brand New,0,196
Snowflake Women Stud Earrings Cute 925 Silver Jewelry Cubic Zirconia Earrings,True,0,Brand New,0,338
Women  Silver Stud Earrings Fashion Citrine Wedding Engagement Jewelry A Pair,True,,Brand New,0,252
925 Silver Crystal Rhinestone Large Hoop Dangle Earrings Elegant Wedding Jewelry,False,86,New (Other),0,177
Solid .925 Sterling Silver Heart Shaped Pink Sapphire Stud Earrings  ,True,,Brand New,0,699
925 Sliver Bow Pearl Zircon Earrings Dangle Stud Women Red Jewellery Xmas Gifts,False,,Brand New,0,216
"Fashion Women Stud Earrings Butterfly 18K,Gold Cubic Zirconia Jewelry Gift",True,,New (Other),0,80
2021 Christmas Snowflake Star Ball Earrings Hook Drop Dangle Women Jewelry XMAS,False,,Brand New,0,171
Womens 925 Sterling Silver Elegant U-Shaped Medium Size Hoop Earrings #E20,False,129,New (Other),0,287
12 Pairs Freshwater Cultured Pearl Button Stud Earrings 925 Sterling Silver Sets,True,,Brand New,0,625
Turquoise Earrings Ear Hook Fashion 925 Silver Women Jewelry Wedding Dangle Drop,True,103,Brand New,0,232
Men Women Long Chain Stainless Steel Earrings Hinged Ear Hoop Drop Dangle Gifts,False,,Brand New,0,80
Fashion  Silver Drop Earrings Women Jewelry White Pearl Party Earrings A Pair,True,178,Brand New,0,215
Fashion Jewelry Round Cut Cubic Zirconia  Silver Drop Earrings for Women Aset,True,,Brand New,0,242
Silver Fashion Cubic Zircon Stud Earrings for Women Wedding Jewelry Gift,True,0,Brand New,0,269
"Elegant  Silver,Gold,Rose Gold Hoop Earrings for Women Wedding Jewelry Gift",True,134,Brand New,0,223
Women’s 925 Sterling Silver Oval Etched Hoop Pierced 1-1.5 Inch Earrings,False,444,New (Other),0,298
Gorgeous Cubic Zirconia  Silver Stud Earrings Women Wedding Jewelry Gift,True,124,Brand New,0,281
925 Silver Tassel Butterfly Threader Earrings Stud Long Drop Dangle Women Gift,False,300,Brand New,0,86
Womens 925 Sterling Silver Twist Spiral Long Drop Dangle Charm Earrings #E27,False,197,New (Other),0,399
925 Silver Gold Bee Zircon Crysatl Animal Earrings Ear Stud Women Jewelry Gifts,False,636,New (Other),0,202
Non-Piercing Clip On Fake Men Women Ear Stud Cuff Hoop Earrings Stainless Steel,False,548,Brand New,0,475
925 Silver Shiny Star Stud Earrings Women White Sapphire Jewelry Wedding Party,False,217,Brand New,0,115
Moonstone Sea Opal 925 Sterling Silver Opalite Tear Drop Dangle Charm Earrings,False,107,New (Other),0,399
Fashion Women Earring Acrylic Geometric Resin Drop Dangle Stud Earrings Jewelry,True,,New (Other),0,80
Elegant 925 Sterling Silver Hoop Earrings for Women Men Jewelry 8 10 12 14 16MM,False,185,Brand New,0,595
14k Gold Shining Buckle Circle Earrings Zircon Women Stud Wedding Jewelry 2021,False,,New (Other),0,127
Solid .925 Sterling Silver Heart Shaped Ruby Stud Earrings Cubic Zirconia ,True,,Brand New,0,699
Gorgeous Cubic Zircon  Silver Stud Earrings for Women Wedding Jewelry Gift,True,0,Brand New,0,368
925 Silver Zircon Clip Long Tassel Stud Earrings Drop Line Cuff Women Jewelry,False,,New (Other),0,108
New Women Crystal Snowflake Candy Ear Stud Hook Earrings Jewelry Christmas Gift,False,447,New (Other),0,101
Fashion 925 Silver Heart Tassel Long Earrings Hoop Drop Dangle Women Jewelry New,False,180,New (Other),0,223
Pearl Flower Crystal Stud Earrings Hoop Dangle Fashion Women Wedding Jewelry ,False,,Brand New,0,108
Christmas Xmas Tree Santa Claus Crystal Ear Earrings Stud Women Jewelry Gift New,False,,New (Other),0,80
Fashion Long Zircon Crystal Stud Earrings Dangle Women Weddings Jewellery Gifts,False,182,Brand New,0,231
Fashion Pearl Zircon Ear Stud Earrings Drop Dangle Women Party Jewellery Gifts,False,,Brand New,0,80
Rose Quartz 1 Pair 925 Sterling Silver Plated Earrings ,True,,New (Other),0,99
Gorgeous Women Cubic Zirconia Jewelry  Silver Drop Earrings Wedding Gifts,True,,Brand New,0,325
Fashion Cubic Zircon  Silver Stud Earrings for Women Wedding Jewelry Gift,True,82,Brand New,0,274
Dazzling Boho Style Silver Plated  Long Drop Earrings Sapphire Tassel Women Gift,True,,New (Other),0,509
Creative Triangle Square Stud Earrings For Women Trendy Simple Minimalist,False,92,New (Other),0,385
New Banana Republic Gold & Green Rhinestone Drop Earrings nwt #E1076,False,,Brand New,0,699
Gold Star Tassel Earrings Rear Hanging Six-pointed Drop Dangle Women Jewelry New,False,72,New (Other),0,257
New 925 Silver Hedgehog Freshwater Pearl Earrings Drop Dangle Women Jewelry Gift,False,272,New (Other),0,195
Fashion 925 Silver Plated Drop Earrings for Women Blue Sapphire Jewelry 1 Pair,True,0,Brand New,0,469
925 Silver Ruby Ear Hook Drop Dangle Earrings Cubic Zirconia Anniversary Jewelry,True,485,Brand New,0,223
1pc Punk Earrings Men Women Boys Stainless Steel Ear Stud Hoop Dangle Jewelry,False,,New (Other),0,80
Fashion 925 Silver Zircon Crystal Earrings Stud Women Drop Dangle Jewelry Gifts,True,6,Brand New,0,80
Fashion Rhombus Emerald Crystal Earrings Stud Drop Dangle Women Jewelry Gifts,False,,Brand New,0,184
1 pair Faux Leather Earrings Christmas lights LESS THAN 2 INCHES ,False,0,New (Other),0,200
Stud Earring Black Plum Shape Elegant style Flower Earrings ,False,,Brand New,80,96
Lots Fashion Women 925 Silver Stud Crystal Drop Hoop Earrings Wedding Party Gift,False,,New (Other),0,80
7 Colors clip on Earrings for Women 925 Silver Plated Jewelry Cubic Zircon 1Pair,True,0,New (Other),0,409
Acrylic Christmas Sweet Gingerbread House Earrings Drop Dangle Jewelry For Women,False,,Brand New,0,499
14k Gold over 925 Sterling Silver Round Cubic Zirconia Clear CZ Stud Earrings,True,161,Brand New,0,499
Silver Hoop Earrings 8mm 10mm 12mm 14mm 16mm Single Pair Sterling Silver 925,False,,Brand New,0,269
925 Silver Flower Butterfly Zircon Earrings Ear Stud Women Wedding Party Jewelry,False,,New (Other),0,97
925 Silver Ruby Ear Hook Drop Dangle Earrings Cubic Zirconia Anniversary Jewelry,True,81,Brand New,0,195
Women Elegant 925 Silver Ear Stud Dangle Hoop Earrings Wedding Party Jewelry,False,19,New (Other),0,80
Gingerbread Man Gold Glitter Christmas or anytime Dangle Earrings,True,49,New (Other),0,595
Fashion 925 Silver Gold Crystal Circles Earrings Hoop Drop Women Jewelry Gifts,False,614,New (Other),0,201
Gorgeous 925 Silver Hoop Earrings for Women Cubic Zirconia Wedding Jewelry Gift,True,52,Brand New,303,88
Black Stud Earrings Men Women Faux Gauges Ear Tunnel Stainless Steel Earrings,True,,Brand New,0,599
Cubic Zirconia Pretty Heart Jewelry  Silver Stud Earrings Women Gifts A Pair,True,183,Brand New,0,285
Amethyst Pretty  Silver Drop Earrings Women Anniversary Party Jewelry Gifts,True,257,Brand New,0,233
